Actual,Predicted,Model
197000,187937.68253968254,Decision Tree
158000,136426.64705882352,Decision Tree
175000,181330.55555555556,Decision Tree
285000,210932.62735849057,Decision Tree
89000,95549.0,Decision Tree
85000,126437.9723183391,Decision Tree
192140,210932.62735849057,Decision Tree
128200,126437.9723183391,Decision Tree
167900,187937.68253968254,Decision Tree
215000,229210.32258064515,Decision Tree
162000,210932.62735849057,Decision Tree
172000,229210.32258064515,Decision Tree
215000,210932.62735849057,Decision Tree
341000,248647.23529411765,Decision Tree
122900,126437.9723183391,Decision Tree
186500,242508.12,Decision Tree
119200,126437.9723183391,Decision Tree
395000,335330.14634146343,Decision Tree
122000,126437.9723183391,Decision Tree
114500,126437.9723183391,Decision Tree
97000,126437.9723183391,Decision Tree
105000,95549.0,Decision Tree
175500,210932.62735849057,Decision Tree
284000,287737.9393939394,Decision Tree
80000,126437.9723183391,Decision Tree
157000,169822.4347826087,Decision Tree
124000,86200.0,Decision Tree
125000,86200.0,Decision Tree
120500,126437.9723183391,Decision Tree
134000,126437.9723183391,Decision Tree
90000,126437.9723183391,Decision Tree
131500,126437.9723183391,Decision Tree
124000,95549.0,Decision Tree
84500,126437.9723183391,Decision Tree
80000,126437.9723183391,Decision Tree
224000,287737.9393939394,Decision Tree
201000,242508.12,Decision Tree
179400,133941.93548387097,Decision Tree
185750,187937.68253968254,Decision Tree
139000,126437.9723183391,Decision Tree
164500,242508.12,Decision Tree
153500,126437.9723183391,Decision Tree
225000,210932.62735849057,Decision Tree
173733,242508.12,Decision Tree
325300,335330.14634146343,Decision Tree
124000,126437.9723183391,Decision Tree
625000,456669.13333333336,Decision Tree
128000,126437.9723183391,Decision Tree
85400,126437.9723183391,Decision Tree
98000,117321.3,Decision Tree
122000,72966.66666666667,Decision Tree
335000,210932.62735849057,Decision Tree
194500,242508.12,Decision Tree
60000,72966.66666666667,Decision Tree
178000,181330.55555555556,Decision Tree
136500,158476.04545454544,Decision Tree
116050,126437.9723183391,Decision Tree
231500,210932.62735849057,Decision Tree
202500,242508.12,Decision Tree
251000,210932.62735849057,Decision Tree
180000,210932.62735849057,Decision Tree
102000,95549.0,Decision Tree
277000,210932.62735849057,Decision Tree
440000,456669.13333333336,Decision Tree
240000,349667.0,Decision Tree
124500,126437.9723183391,Decision Tree
118000,86200.0,Decision Tree
139000,169822.4347826087,Decision Tree
133000,133941.93548387097,Decision Tree
144000,126437.9723183391,Decision Tree
127000,133941.93548387097,Decision Tree
130000,95549.0,Decision Tree
189000,157128.26086956522,Decision Tree
125000,126437.9723183391,Decision Tree
135900,126437.9723183391,Decision Tree
135000,126437.9723183391,Decision Tree
140000,126437.9723183391,Decision Tree
212000,242508.12,Decision Tree
160000,95549.0,Decision Tree
180000,210932.62735849057,Decision Tree
122000,95549.0,Decision Tree
140000,126437.9723183391,Decision Tree
278000,210932.62735849057,Decision Tree
262500,242508.12,Decision Tree
165500,229210.32258064515,Decision Tree
198500,181330.55555555556,Decision Tree
156932,210932.62735849057,Decision Tree
130000,158476.04545454544,Decision Tree
140200,126437.9723183391,Decision Tree
315750,248647.23529411765,Decision Tree
177500,309044.44444444444,Decision Tree
193000,181330.55555555556,Decision Tree
181500,181330.55555555556,Decision Tree
235000,229210.32258064515,Decision Tree
226000,229210.32258064515,Decision Tree
178000,210932.62735849057,Decision Tree
149000,242508.12,Decision Tree
145000,158476.04545454544,Decision Tree
295493,287737.9393939394,Decision Tree
220000,242508.12,Decision Tree
190000,210932.62735849057,Decision Tree
272000,242508.12,Decision Tree
180000,187937.68253968254,Decision Tree
174000,157128.26086956522,Decision Tree
232000,242508.12,Decision Tree
184000,126437.9723183391,Decision Tree
107500,86200.0,Decision Tree
127000,126437.9723183391,Decision Tree
134500,126437.9723183391,Decision Tree
128500,169822.4347826087,Decision Tree
336000,750000.0,Decision Tree
224900,242508.12,Decision Tree
159500,169822.4347826087,Decision Tree
144152,157128.26086956522,Decision Tree
191000,242508.12,Decision Tree
161500,126437.9723183391,Decision Tree
147400,157128.26086956522,Decision Tree
118400,117321.3,Decision Tree
185500,242508.12,Decision Tree
236500,242508.12,Decision Tree
138000,126437.9723183391,Decision Tree
137000,126437.9723183391,Decision Tree
132500,169822.4347826087,Decision Tree
176485,242508.12,Decision Tree
254000,242508.12,Decision Tree
119000,229210.32258064515,Decision Tree
165600,181330.55555555556,Decision Tree
116500,126437.9723183391,Decision Tree
239900,210932.62735849057,Decision Tree
123000,126437.9723183391,Decision Tree
100000,126437.9723183391,Decision Tree
173000,181330.55555555556,Decision Tree
82000,72966.66666666667,Decision Tree
139000,126437.9723183391,Decision Tree
110000,126437.9723183391,Decision Tree
210000,242508.12,Decision Tree
176500,181330.55555555556,Decision Tree
170000,229210.32258064515,Decision Tree
168500,157128.26086956522,Decision Tree
217000,229210.32258064515,Decision Tree
215000,242508.12,Decision Tree
163990,242508.12,Decision Tree
410000,335330.14634146343,Decision Tree
219500,210932.62735849057,Decision Tree
127000,126437.9723183391,Decision Tree
179665,309044.44444444444,Decision Tree
83000,95549.0,Decision Tree
114500,126437.9723183391,Decision Tree
144000,169822.4347826087,Decision Tree
115000,126437.9723183391,Decision Tree
85500,126437.9723183391,Decision Tree
268000,210932.62735849057,Decision Tree
120500,126437.9723183391,Decision Tree
140000,126437.9723183391,Decision Tree
157000,126437.9723183391,Decision Tree
213000,210932.62735849057,Decision Tree
139900,169822.4347826087,Decision Tree
115000,126437.9723183391,Decision Tree
131000,126437.9723183391,Decision Tree
168000,181330.55555555556,Decision Tree
164900,136426.64705882352,Decision Tree
185900,242508.12,Decision Tree
423000,538000.0,Decision Tree
466500,456669.13333333336,Decision Tree
87000,72966.66666666667,Decision Tree
106500,95549.0,Decision Tree
125000,126437.9723183391,Decision Tree
381000,187937.68253968254,Decision Tree
244400,169822.4347826087,Decision Tree
149700,126437.9723183391,Decision Tree
89471,169822.4347826087,Decision Tree
72500,95549.0,Decision Tree
145900,126437.9723183391,Decision Tree
290000,248647.23529411765,Decision Tree
141500,126437.9723183391,Decision Tree
130000,95549.0,Decision Tree
207500,210932.62735849057,Decision Tree
85000,72966.66666666667,Decision Tree
159000,157128.26086956522,Decision Tree
239000,210932.62735849057,Decision Tree
144000,158476.04545454544,Decision Tree
475000,187937.68253968254,Decision Tree
107500,126437.9723183391,Decision Tree
350000,335330.14634146343,Decision Tree
121500,229210.32258064515,Decision Tree
115000,126437.9723183391,Decision Tree
150500,158476.04545454544,Decision Tree
142500,126437.9723183391,Decision Tree
113000,126437.9723183391,Decision Tree
98000,95549.0,Decision Tree
88000,95549.0,Decision Tree
130500,181330.55555555556,Decision Tree
193000,242508.12,Decision Tree
91000,126437.9723183391,Decision Tree
121000,72966.66666666667,Decision Tree
145250,169822.4347826087,Decision Tree
219500,210932.62735849057,Decision Tree
62383,126437.9723183391,Decision Tree
125000,229210.32258064515,Decision Tree
451950,750000.0,Decision Tree
372402,335330.14634146343,Decision Tree
100000,95549.0,Decision Tree
158000,187937.68253968254,Decision Tree
175000,181330.55555555556,Decision Tree
175900,242508.12,Decision Tree
207500,210932.62735849057,Decision Tree
115000,126437.9723183391,Decision Tree
215000,210932.62735849057,Decision Tree
258000,210932.62735849057,Decision Tree
134450,229210.32258064515,Decision Tree
190000,187937.68253968254,Decision Tree
157900,169822.4347826087,Decision Tree
176000,157128.26086956522,Decision Tree
143000,126437.9723183391,Decision Tree
255500,287737.9393939394,Decision Tree
195400,242508.12,Decision Tree
147000,158476.04545454544,Decision Tree
430000,287737.9393939394,Decision Tree
148000,126437.9723183391,Decision Tree
188000,136426.64705882352,Decision Tree
168500,229210.32258064515,Decision Tree
148000,126437.9723183391,Decision Tree
213000,242508.12,Decision Tree
184750,456669.13333333336,Decision Tree
415298,456669.13333333336,Decision Tree
126175,126437.9723183391,Decision Tree
281213,248647.23529411765,Decision Tree
138887,126437.9723183391,Decision Tree
163000,117321.3,Decision Tree
135000,126437.9723183391,Decision Tree
218000,229210.32258064515,Decision Tree
189950,126437.9723183391,Decision Tree
131500,242508.12,Decision Tree
216000,242508.12,Decision Tree
123000,126437.9723183391,Decision Tree
145000,187937.68253968254,Decision Tree
233230,242508.12,Decision Tree
378500,210932.62735849057,Decision Tree
142000,126437.9723183391,Decision Tree
87000,95549.0,Decision Tree
135000,187937.68253968254,Decision Tree
611657,456669.13333333336,Decision Tree
103000,95549.0,Decision Tree
325624,538000.0,Decision Tree
169500,169822.4347826087,Decision Tree
179000,158476.04545454544,Decision Tree
210000,187937.68253968254,Decision Tree
424870,456669.13333333336,Decision Tree
160000,169822.4347826087,Decision Tree
315000,248647.23529411765,Decision Tree
193500,181330.55555555556,Decision Tree
244000,187937.68253968254,Decision Tree
265979,169822.4347826087,Decision Tree
108959,126437.9723183391,Decision Tree
274000,210932.62735849057,Decision Tree
206000,242508.12,Decision Tree
100000,95549.0,Decision Tree
216500,210932.62735849057,Decision Tree
99500,126437.9723183391,Decision Tree
108000,126437.9723183391,Decision Tree
174000,229210.32258064515,Decision Tree
182900,187937.68253968254,Decision Tree
159434,126437.9723183391,Decision Tree
201000,210932.62735849057,Decision Tree
239000,169822.4347826087,Decision Tree
82500,187937.68253968254,Decision Tree
148000,229210.32258064515,Decision Tree
140000,157128.26086956522,Decision Tree
148000,126437.9723183391,Decision Tree
142000,187937.68253968254,Decision Tree
107400,126437.9723183391,Decision Tree
161000,126437.9723183391,Decision Tree
118000,126437.9723183391,Decision Tree
235000,187937.68253968254,Decision Tree
169990,242508.12,Decision Tree
185000,210932.62735849057,Decision Tree
192000,242508.12,Decision Tree
205950,210932.62735849057,Decision Tree
305900,287737.9393939394,Decision Tree
174000,210932.62735849057,Decision Tree
174000,157128.26086956522,Decision Tree
144500,242508.12,Decision Tree
140000,229210.32258064515,Decision Tree
175900,210932.62735849057,Decision Tree
162900,126437.9723183391,Decision Tree
287090,349667.0,Decision Tree
116900,95549.0,Decision Tree
175000,187937.68253968254,Decision Tree
255900,210932.62735849057,Decision Tree
109500,126437.9723183391,Decision Tree
337500,335330.14634146343,Decision Tree
374000,335330.14634146343,Decision Tree
197000,193347.5798818506,Linear Regression
158000,187807.84617303163,Linear Regression
175000,216429.75208689237,Linear Regression
285000,281137.22398181155,Linear Regression
89000,47673.51588806475,Linear Regression
85000,87930.1525933915,Linear Regression
192140,175481.3958841918,Linear Regression
128200,123084.85371216154,Linear Regression
167900,206934.1078271933,Linear Regression
215000,249580.4609870103,Linear Regression
162000,149800.30273728326,Linear Regression
172000,173308.47014776096,Linear Regression
215000,203919.2420020288,Linear Regression
341000,296622.9950791336,Linear Regression
122900,85799.37056210102,Linear Regression
186500,176468.79885916633,Linear Regression
119200,103729.80039168507,Linear Regression
395000,306459.45823077625,Linear Regression
122000,102555.52151641487,Linear Regression
114500,76578.18711343061,Linear Regression
97000,82803.90285972097,Linear Regression
105000,75468.79772269781,Linear Regression
175500,195572.98992633785,Linear Regression
284000,284286.6997457581,Linear Regression
80000,115761.85944062953,Linear Regression
157000,150847.45721896522,Linear Regression
124000,133298.36645886872,Linear Regression
125000,97735.10228314488,Linear Regression
120500,117952.6730443865,Linear Regression
134000,130421.0193367987,Linear Regression
90000,127980.64501445708,Linear Regression
131500,140230.11675805805,Linear Regression
124000,120534.10504841042,Linear Regression
84500,94354.77367478314,Linear Regression
80000,112578.57056841491,Linear Regression
224000,296030.6088859477,Linear Regression
201000,205626.3558201961,Linear Regression
179400,119048.99633835629,Linear Regression
185750,177965.84862112027,Linear Regression
139000,110984.04277740116,Linear Regression
164500,175940.68814255873,Linear Regression
153500,136588.10222228031,Linear Regression
225000,221129.19218792132,Linear Regression
173733,195439.15301324445,Linear Regression
325300,311856.96115481574,Linear Regression
124000,122149.8619436895,Linear Regression
625000,388124.14976272435,Linear Regression
128000,136286.2174376208,Linear Regression
85400,142773.33658233596,Linear Regression
98000,110318.02784349264,Linear Regression
122000,143676.81926454385,Linear Regression
335000,310526.8085557233,Linear Regression
194500,222795.88255728138,Linear Regression
60000,-1150.4364203027799,Linear Regression
178000,166494.12048396183,Linear Regression
136500,164619.09768643486,Linear Regression
116050,125584.30700264548,Linear Regression
231500,207133.99213041714,Linear Regression
202500,271126.7018971109,Linear Regression
251000,273860.918600474,Linear Regression
180000,163918.61598657942,Linear Regression
102000,108180.47199223116,Linear Regression
277000,267405.96511762287,Linear Regression
440000,402088.7189028569,Linear Regression
240000,288886.5674801639,Linear Regression
124500,99628.49408487738,Linear Regression
118000,123032.81233498639,Linear Regression
139000,166926.40592745956,Linear Regression
133000,196277.2991293955,Linear Regression
144000,124135.44430166978,Linear Regression
127000,136640.77687825027,Linear Regression
130000,107343.47685171575,Linear Regression
189000,149471.60969789157,Linear Regression
125000,114699.58977636894,Linear Regression
135900,117316.87858383809,Linear Regression
135000,105151.37921112626,Linear Regression
140000,99284.99601138687,Linear Regression
212000,201426.72189333677,Linear Regression
160000,166614.81907753545,Linear Regression
180000,262417.0153919645,Linear Regression
122000,88243.52479188755,Linear Regression
140000,135115.05241593253,Linear Regression
278000,322322.516208786,Linear Regression
262500,211280.79757403382,Linear Regression
165500,165146.82763900727,Linear Regression
198500,272855.74009766313,Linear Regression
156932,196204.569863024,Linear Regression
130000,145767.0781597635,Linear Regression
140200,89485.36674318784,Linear Regression
315750,274964.4558858224,Linear Regression
177500,187126.4145846417,Linear Regression
193000,183717.84062500237,Linear Regression
181500,183454.3488790655,Linear Regression
235000,219956.7589204625,Linear Regression
226000,175079.36761206744,Linear Regression
178000,192316.6705093841,Linear Regression
149000,192485.27848438916,Linear Regression
145000,176893.90121916033,Linear Regression
295493,288498.14150154934,Linear Regression
220000,254377.39431472417,Linear Regression
190000,178512.36307043978,Linear Regression
272000,254806.00428005285,Linear Regression
180000,232095.57752697947,Linear Regression
174000,138634.1201730815,Linear Regression
232000,229610.77360554313,Linear Regression
184000,119081.94044056014,Linear Regression
107500,146750.88536649809,Linear Regression
127000,119971.78961848389,Linear Regression
134500,111314.3341694912,Linear Regression
128500,120794.52611665873,Linear Regression
336000,298011.7433475678,Linear Regression
224900,210935.40309569394,Linear Regression
159500,164588.8547345771,Linear Regression
144152,117289.98434646789,Linear Regression
191000,201449.51985352434,Linear Regression
161500,140563.45183851084,Linear Regression
147400,100127.05644857093,Linear Regression
118400,85872.3957275487,Linear Regression
185500,211080.00743959914,Linear Regression
236500,229129.43895582957,Linear Regression
138000,131695.97022586258,Linear Regression
137000,135822.08699254273,Linear Regression
132500,164884.61229962204,Linear Regression
176485,223049.81289197732,Linear Regression
254000,250523.25387510218,Linear Regression
119000,194400.4314005568,Linear Regression
165600,167702.15242617775,Linear Regression
116500,137773.78022638313,Linear Regression
239900,206095.3257483283,Linear Regression
123000,126777.55355984159,Linear Regression
100000,123599.72367365911,Linear Regression
173000,182298.29999700852,Linear Regression
82000,110476.32255068362,Linear Regression
139000,141029.13907721682,Linear Regression
110000,102867.20749731976,Linear Regression
210000,218603.62156113086,Linear Regression
176500,166695.92102151833,Linear Regression
170000,175492.0060750079,Linear Regression
168500,153284.0555279986,Linear Regression
217000,231124.8698591873,Linear Regression
215000,245367.7047248889,Linear Regression
163990,205929.69081896287,Linear Regression
410000,363362.280874526,Linear Regression
219500,228393.6831599004,Linear Regression
127000,75585.35537763037,Linear Regression
179665,249562.6406477241,Linear Regression
83000,88653.83638801423,Linear Regression
114500,117843.1145888106,Linear Regression
144000,144366.46495823987,Linear Regression
115000,114417.14226251791,Linear Regression
85500,77266.07224090662,Linear Regression
268000,227310.06244954842,Linear Regression
120500,94247.35894994592,Linear Regression
140000,106168.341858483,Linear Regression
157000,124178.26675352937,Linear Regression
213000,196226.9684328552,Linear Regression
139900,129607.45602317911,Linear Regression
115000,116332.44172797084,Linear Regression
131000,94402.5142501021,Linear Regression
168000,138255.35453440383,Linear Regression
164900,188624.8962632029,Linear Regression
185900,179341.5063337316,Linear Regression
423000,343268.34116698883,Linear Regression
466500,382141.76088628534,Linear Regression
87000,157434.95349993618,Linear Regression
106500,71807.23958614128,Linear Regression
125000,101208.14776852413,Linear Regression
381000,278343.3033210392,Linear Regression
244400,169119.35080874115,Linear Regression
149700,130311.30618967873,Linear Regression
89471,191925.7816302973,Linear Regression
72500,64813.89600092707,Linear Regression
145900,166343.84450479344,Linear Regression
290000,258795.8580308265,Linear Regression
141500,68464.89847930222,Linear Regression
130000,122301.25004336692,Linear Regression
207500,240693.9877566386,Linear Regression
85000,159161.4862945099,Linear Regression
159000,139008.5903964731,Linear Regression
239000,245420.89764608754,Linear Regression
144000,152789.32868918136,Linear Regression
475000,172711.0598483918,Linear Regression
107500,95430.11229739863,Linear Regression
350000,319567.34339827293,Linear Regression
121500,154607.65521740154,Linear Regression
115000,97455.08762843182,Linear Regression
150500,112841.06094017543,Linear Regression
142500,154918.79136539256,Linear Regression
113000,153643.8341542079,Linear Regression
98000,103525.85212440419,Linear Regression
88000,60431.60497312565,Linear Regression
130500,194289.06723431608,Linear Regression
193000,227598.25780052075,Linear Regression
91000,133833.87362184707,Linear Regression
121000,60497.530379156524,Linear Regression
145250,137893.39515528255,Linear Regression
219500,182161.8229102106,Linear Regression
62383,81362.8805748322,Linear Regression
125000,177002.69379788524,Linear Regression
451950,322249.28656056395,Linear Regression
372402,353744.11848549324,Linear Regression
100000,94836.50617055224,Linear Regression
158000,204300.26197594215,Linear Regression
175000,171181.99756404973,Linear Regression
175900,247519.8170808502,Linear Regression
207500,194877.65942049687,Linear Regression
115000,47384.12929609162,Linear Regression
215000,215514.19061918385,Linear Regression
258000,251774.20578613557,Linear Regression
134450,145790.20269636696,Linear Regression
190000,367839.53843596333,Linear Regression
157900,151047.85717404785,Linear Regression
176000,168065.0998326177,Linear Regression
143000,148078.74824086274,Linear Regression
255500,263615.8146261428,Linear Regression
195400,254170.44777905973,Linear Regression
147000,140854.0280622316,Linear Regression
430000,334963.63665210205,Linear Regression
148000,148327.58698908414,Linear Regression
188000,238523.75013146678,Linear Regression
168500,202370.32049099304,Linear Regression
148000,140598.36025520257,Linear Regression
213000,225438.88411755348,Linear Regression
184750,476460.87131211336,Linear Regression
415298,385400.4211038875,Linear Regression
126175,121665.72602713108,Linear Regression
281213,296596.7736827593,Linear Regression
138887,102890.49720029271,Linear Regression
163000,99689.87789091803,Linear Regression
135000,107223.41282942556,Linear Regression
218000,226339.4606082308,Linear Regression
189950,115838.9257908337,Linear Regression
131500,187668.5958268428,Linear Regression
216000,162491.46560056804,Linear Regression
123000,110297.57284888277,Linear Regression
145000,171147.54178517638,Linear Regression
233230,231305.79734650493,Linear Regression
378500,349060.65426843835,Linear Regression
142000,134847.28239859495,Linear Regression
87000,85885.74753050154,Linear Regression
135000,206163.61189015713,Linear Regression
611657,431783.45797018055,Linear Regression
103000,72226.51431536564,Linear Regression
325624,332127.6528373921,Linear Regression
169500,152234.42022131584,Linear Regression
179000,274156.79966463015,Linear Regression
210000,244233.71209138434,Linear Regression
424870,370051.58537633636,Linear Regression
160000,182080.21259485386,Linear Regression
315000,259082.56921742088,Linear Regression
193500,165968.71320288343,Linear Regression
244000,248002.43697035676,Linear Regression
265979,178167.2198014071,Linear Regression
108959,245503.52682021612,Linear Regression
274000,309579.502079145,Linear Regression
206000,218274.4151157513,Linear Regression
100000,76918.57844546302,Linear Regression
216500,215526.66736800034,Linear Regression
99500,143500.1660161184,Linear Regression
108000,111479.46314810266,Linear Regression
174000,190896.93820924335,Linear Regression
182900,214254.99777159758,Linear Regression
159434,157658.6602260157,Linear Regression
201000,208106.68792323448,Linear Regression
239000,200211.58635996754,Linear Regression
82500,250552.74874258874,Linear Regression
148000,181938.42582962697,Linear Regression
140000,127695.47939228595,Linear Regression
148000,111076.83905509255,Linear Regression
142000,218213.07475032023,Linear Regression
107400,105878.80649134699,Linear Regression
161000,111400.72419026321,Linear Regression
118000,156621.1204446992,Linear Regression
235000,188162.30637926515,Linear Regression
169990,233267.4215942396,Linear Regression
185000,193085.59490845376,Linear Regression
192000,213578.84262149842,Linear Regression
205950,145026.54132149834,Linear Regression
305900,269657.1625038244,Linear Regression
174000,172703.43612056843,Linear Regression
174000,129665.12769151092,Linear Regression
144500,232831.46674118837,Linear Regression
140000,170283.54537219176,Linear Regression
175900,157139.0674252597,Linear Regression
162900,95453.18624470822,Linear Regression
287090,270676.4135390712,Linear Regression
116900,86900.80396346144,Linear Regression
175000,204222.10137854278,Linear Regression
255900,190330.76099317966,Linear Regression
109500,126956.92775608413,Linear Regression
337500,346384.9666202812,Linear Regression
374000,366809.3495057614,Linear Regression
197000,204623.0625,XgBoost
158000,166349.28125,XgBoost
175000,186075.359375,XgBoost
285000,263281.875,XgBoost
89000,84063.2265625,XgBoost
85000,109891.390625,XgBoost
192140,181450.640625,XgBoost
128200,119938.2890625,XgBoost
167900,210019.546875,XgBoost
215000,237634.953125,XgBoost
162000,171795.09375,XgBoost
172000,200761.90625,XgBoost
215000,215274.921875,XgBoost
341000,313822.5625,XgBoost
122900,110636.1875,XgBoost
186500,220893.734375,XgBoost
119200,119832.109375,XgBoost
395000,332175.6875,XgBoost
122000,115057.71875,XgBoost
114500,109278.890625,XgBoost
97000,105604.9453125,XgBoost
105000,96201.71875,XgBoost
175500,206901.609375,XgBoost
284000,310223.0625,XgBoost
80000,104940.1171875,XgBoost
157000,158194.625,XgBoost
124000,130192.6796875,XgBoost
125000,101709.84375,XgBoost
120500,123395.6875,XgBoost
134000,139874.5,XgBoost
90000,115663.6484375,XgBoost
131500,136090.453125,XgBoost
124000,111912.234375,XgBoost
84500,94793.5234375,XgBoost
80000,113286.75,XgBoost
224000,306391.25,XgBoost
201000,223704.5,XgBoost
179400,146463.515625,XgBoost
185750,195983.4375,XgBoost
139000,115488.5390625,XgBoost
164500,223754.65625,XgBoost
153500,132870.421875,XgBoost
225000,214580.828125,XgBoost
173733,236396.296875,XgBoost
325300,301681.25,XgBoost
124000,119349.328125,XgBoost
625000,484153.5625,XgBoost
128000,137323.203125,XgBoost
85400,115893.015625,XgBoost
98000,114873.5390625,XgBoost
122000,126781.1796875,XgBoost
335000,248998.4375,XgBoost
194500,218029.53125,XgBoost
60000,58438.62109375,XgBoost
178000,179331.265625,XgBoost
136500,156895.5,XgBoost
116050,112831.5859375,XgBoost
231500,205749.8125,XgBoost
202500,264638.15625,XgBoost
251000,211360.921875,XgBoost
180000,194838.140625,XgBoost
102000,89445.9296875,XgBoost
277000,209735.0625,XgBoost
440000,447202.21875,XgBoost
240000,285330.5,XgBoost
124500,119355.375,XgBoost
118000,108311.8984375,XgBoost
139000,160442.90625,XgBoost
133000,167778.296875,XgBoost
144000,130116.546875,XgBoost
127000,125236.5703125,XgBoost
130000,99652.4609375,XgBoost
189000,160390.046875,XgBoost
125000,121554.328125,XgBoost
135900,114386.2421875,XgBoost
135000,124253.2734375,XgBoost
140000,111121.9296875,XgBoost
212000,226599.34375,XgBoost
160000,150704.703125,XgBoost
180000,189533.125,XgBoost
122000,94758.8828125,XgBoost
140000,135318.46875,XgBoost
278000,244561.40625,XgBoost
262500,251196.21875,XgBoost
165500,194658.125,XgBoost
198500,185693.03125,XgBoost
156932,198170.515625,XgBoost
130000,144075.015625,XgBoost
140200,111004.5234375,XgBoost
315750,255438.3125,XgBoost
177500,182089.375,XgBoost
193000,178527.875,XgBoost
181500,171824.109375,XgBoost
235000,219425.40625,XgBoost
226000,209781.359375,XgBoost
178000,197599.15625,XgBoost
149000,175097.765625,XgBoost
145000,148676.484375,XgBoost
295493,324924.6875,XgBoost
220000,258453.046875,XgBoost
190000,203191.328125,XgBoost
272000,255873.609375,XgBoost
180000,218856.78125,XgBoost
174000,162367.546875,XgBoost
232000,274006.1875,XgBoost
184000,106146.609375,XgBoost
107500,114117.1015625,XgBoost
127000,130836.796875,XgBoost
134500,123246.375,XgBoost
128500,142744.78125,XgBoost
336000,306049.375,XgBoost
224900,217008.84375,XgBoost
159500,176217.765625,XgBoost
144152,173270.015625,XgBoost
191000,212046.078125,XgBoost
161500,145261.171875,XgBoost
147400,165966.515625,XgBoost
118400,93843.953125,XgBoost
185500,225498.859375,XgBoost
236500,235312.03125,XgBoost
138000,128845.6484375,XgBoost
137000,140667.015625,XgBoost
132500,166578.203125,XgBoost
176485,232025.546875,XgBoost
254000,221712.453125,XgBoost
119000,196887.53125,XgBoost
165600,177878.890625,XgBoost
116500,114317.96875,XgBoost
239900,207022.34375,XgBoost
123000,121905.859375,XgBoost
100000,136061.828125,XgBoost
173000,176595.921875,XgBoost
82000,121288.1953125,XgBoost
139000,134589.296875,XgBoost
110000,119326.25,XgBoost
210000,216116.0625,XgBoost
176500,171502.734375,XgBoost
170000,207093.53125,XgBoost
168500,165470.4375,XgBoost
217000,238677.640625,XgBoost
215000,226849.28125,XgBoost
163990,222334.546875,XgBoost
410000,366495.15625,XgBoost
219500,211753.703125,XgBoost
127000,111294.4921875,XgBoost
179665,263429.34375,XgBoost
83000,106318.1015625,XgBoost
114500,124876.375,XgBoost
144000,148330.6875,XgBoost
115000,122482.90625,XgBoost
85500,95271.4296875,XgBoost
268000,216654.9375,XgBoost
120500,112745.3828125,XgBoost
140000,122962.6953125,XgBoost
157000,124458.4765625,XgBoost
213000,200662.765625,XgBoost
139900,158341.515625,XgBoost
115000,126958.5234375,XgBoost
131000,108044.2734375,XgBoost
168000,167252.125,XgBoost
164900,167906.953125,XgBoost
185900,207975.15625,XgBoost
423000,387938.90625,XgBoost
466500,494643.53125,XgBoost
87000,121016.7109375,XgBoost
106500,103197.5390625,XgBoost
125000,116505.75,XgBoost
381000,289228.0,XgBoost
244400,173394.234375,XgBoost
149700,124557.3828125,XgBoost
89471,173619.4375,XgBoost
72500,94234.46875,XgBoost
145900,133732.109375,XgBoost
290000,268989.84375,XgBoost
141500,110106.4296875,XgBoost
130000,101312.078125,XgBoost
207500,205158.453125,XgBoost
85000,116282.375,XgBoost
159000,148219.8125,XgBoost
239000,186273.125,XgBoost
144000,146435.5625,XgBoost
475000,243568.21875,XgBoost
107500,99903.125,XgBoost
350000,333462.1875,XgBoost
121500,179314.84375,XgBoost
115000,114821.125,XgBoost
150500,146883.65625,XgBoost
142500,142792.53125,XgBoost
113000,137867.546875,XgBoost
98000,119265.359375,XgBoost
88000,100068.7890625,XgBoost
130500,173774.5,XgBoost
193000,240151.703125,XgBoost
91000,104468.78125,XgBoost
121000,81086.7421875,XgBoost
145250,163168.609375,XgBoost
219500,205711.265625,XgBoost
62383,104451.90625,XgBoost
125000,180021.296875,XgBoost
451950,432560.75,XgBoost
372402,381794.90625,XgBoost
100000,90113.0234375,XgBoost
158000,209235.0,XgBoost
175000,173080.96875,XgBoost
175900,228967.265625,XgBoost
207500,198845.53125,XgBoost
115000,103127.15625,XgBoost
215000,210372.25,XgBoost
258000,233132.28125,XgBoost
134450,172889.828125,XgBoost
190000,255689.640625,XgBoost
157900,141704.203125,XgBoost
176000,160065.703125,XgBoost
143000,145279.25,XgBoost
255500,291420.875,XgBoost
195400,266198.1875,XgBoost
147000,149771.546875,XgBoost
430000,416536.8125,XgBoost
148000,136463.921875,XgBoost
188000,179740.765625,XgBoost
168500,197312.765625,XgBoost
148000,155388.390625,XgBoost
213000,235367.40625,XgBoost
184750,414598.125,XgBoost
415298,432587.0,XgBoost
126175,116876.6328125,XgBoost
281213,258538.21875,XgBoost
138887,117158.1015625,XgBoost
163000,97912.234375,XgBoost
135000,135929.015625,XgBoost
218000,203981.171875,XgBoost
189950,134609.921875,XgBoost
131500,166445.96875,XgBoost
216000,208747.84375,XgBoost
123000,119742.21875,XgBoost
145000,180083.015625,XgBoost
233230,262426.34375,XgBoost
378500,276039.53125,XgBoost
142000,136051.5,XgBoost
87000,102355.9921875,XgBoost
135000,205672.59375,XgBoost
611657,458020.125,XgBoost
103000,106171.2890625,XgBoost
325624,328698.3125,XgBoost
169500,165480.984375,XgBoost
179000,168182.265625,XgBoost
210000,220223.046875,XgBoost
424870,437113.1875,XgBoost
160000,145613.390625,XgBoost
315000,259088.875,XgBoost
193500,189894.078125,XgBoost
244000,241551.46875,XgBoost
265979,186100.40625,XgBoost
108959,155898.984375,XgBoost
274000,268129.6875,XgBoost
206000,217230.5,XgBoost
100000,106881.46875,XgBoost
216500,213628.59375,XgBoost
99500,134599.0,XgBoost
108000,133366.234375,XgBoost
174000,204916.921875,XgBoost
182900,200149.71875,XgBoost
159434,132019.71875,XgBoost
201000,207888.765625,XgBoost
239000,218753.15625,XgBoost
82500,222301.078125,XgBoost
148000,194299.15625,XgBoost
140000,148736.34375,XgBoost
148000,134215.328125,XgBoost
142000,186601.5625,XgBoost
107400,122925.5234375,XgBoost
161000,114330.9140625,XgBoost
118000,156539.34375,XgBoost
235000,174664.390625,XgBoost
169990,232161.6875,XgBoost
185000,193818.875,XgBoost
192000,219370.109375,XgBoost
205950,200481.71875,XgBoost
305900,271370.15625,XgBoost
174000,200872.234375,XgBoost
174000,154480.90625,XgBoost
144500,197392.515625,XgBoost
140000,202365.546875,XgBoost
175900,166554.3125,XgBoost
162900,102555.3671875,XgBoost
287090,263326.0,XgBoost
116900,106497.5,XgBoost
175000,182371.90625,XgBoost
255900,213972.734375,XgBoost
109500,124926.65625,XgBoost
337500,331582.5,XgBoost
374000,331968.3125,XgBoost
197000,199142.94,Random Forest
158000,170060.085,Random Forest
175000,183804.84,Random Forest
285000,249537.06,Random Forest
89000,92501.66,Random Forest
85000,116217.11,Random Forest
192140,208474.475,Random Forest
128200,130931.47,Random Forest
167900,194165.4,Random Forest
215000,224450.5,Random Forest
162000,185839.92,Random Forest
172000,206549.66,Random Forest
215000,213486.845,Random Forest
341000,268065.63,Random Forest
122900,114138.64,Random Forest
186500,232690.445,Random Forest
119200,120665.465,Random Forest
395000,340759.85,Random Forest
122000,123730.81,Random Forest
114500,111803.38,Random Forest
97000,115626.75,Random Forest
105000,91705.105,Random Forest
175500,221029.29,Random Forest
284000,295870.89,Random Forest
80000,110105.5,Random Forest
157000,168202.97,Random Forest
124000,118781.145,Random Forest
125000,92729.215,Random Forest
120500,123329.01,Random Forest
134000,136999.6,Random Forest
90000,116490.15,Random Forest
131500,146685.16,Random Forest
124000,99595.03,Random Forest
84500,103215.09,Random Forest
80000,116222.555,Random Forest
224000,291319.905,Random Forest
201000,218370.1,Random Forest
179400,146560.5,Random Forest
185750,201936.72,Random Forest
139000,114127.085,Random Forest
164500,229085.305,Random Forest
153500,129534.95,Random Forest
225000,215724.06,Random Forest
173733,239691.725,Random Forest
325300,343383.28,Random Forest
124000,121210.73,Random Forest
625000,458809.025,Random Forest
128000,135095.94,Random Forest
85400,107892.59,Random Forest
98000,98296.75,Random Forest
122000,93778.52,Random Forest
335000,251453.415,Random Forest
194500,225853.28,Random Forest
60000,76189.14,Random Forest
178000,184641.435,Random Forest
136500,154642.435,Random Forest
116050,107125.035,Random Forest
231500,217385.31,Random Forest
202500,271754.31,Random Forest
251000,227732.555,Random Forest
180000,203216.93,Random Forest
102000,92531.17,Random Forest
277000,223684.995,Random Forest
440000,440973.6,Random Forest
240000,282693.68,Random Forest
124500,124934.1,Random Forest
118000,102476.13,Random Forest
139000,152819.135,Random Forest
133000,150121.775,Random Forest
144000,131966.285,Random Forest
127000,134394.025,Random Forest
130000,97135.2,Random Forest
189000,173569.05,Random Forest
125000,123044.64,Random Forest
135900,112762.76,Random Forest
135000,122346.72,Random Forest
140000,118859.105,Random Forest
212000,228071.39,Random Forest
160000,110862.515,Random Forest
180000,200130.56,Random Forest
122000,105356.08,Random Forest
140000,121705.08,Random Forest
278000,235755.01,Random Forest
262500,254095.525,Random Forest
165500,205179.82,Random Forest
198500,179844.39,Random Forest
156932,211066.105,Random Forest
130000,158659.55,Random Forest
140200,112092.52,Random Forest
315750,271001.05,Random Forest
177500,198061.305,Random Forest
193000,188285.155,Random Forest
181500,192527.75,Random Forest
235000,217326.07,Random Forest
226000,212725.67,Random Forest
178000,216958.7,Random Forest
149000,184600.99,Random Forest
145000,161344.945,Random Forest
295493,296564.07,Random Forest
220000,256700.37,Random Forest
190000,209445.335,Random Forest
272000,254615.31,Random Forest
180000,204494.92,Random Forest
174000,157876.25,Random Forest
232000,255143.49,Random Forest
184000,104968.725,Random Forest
107500,100352.755,Random Forest
127000,134708.915,Random Forest
134500,125309.38,Random Forest
128500,158327.745,Random Forest
336000,352041.28,Random Forest
224900,228513.315,Random Forest
159500,164470.9,Random Forest
144152,158213.25,Random Forest
191000,215200.3,Random Forest
161500,143319.635,Random Forest
147400,156558.82,Random Forest
118400,96334.975,Random Forest
185500,226380.95,Random Forest
236500,232469.21,Random Forest
138000,125496.875,Random Forest
137000,136747.89,Random Forest
132500,168773.67,Random Forest
176485,233179.61,Random Forest
254000,231316.03,Random Forest
119000,193022.81,Random Forest
165600,181311.935,Random Forest
116500,111280.435,Random Forest
239900,227041.565,Random Forest
123000,127394.625,Random Forest
100000,133965.9,Random Forest
173000,179426.185,Random Forest
82000,89093.11,Random Forest
139000,138363.0,Random Forest
110000,123385.27,Random Forest
210000,212204.015,Random Forest
176500,181463.14,Random Forest
170000,213430.025,Random Forest
168500,166729.25,Random Forest
217000,213117.69,Random Forest
215000,238888.725,Random Forest
163990,220640.905,Random Forest
410000,374325.605,Random Forest
219500,224971.34,Random Forest
127000,124382.5,Random Forest
179665,252040.29,Random Forest
83000,92815.175,Random Forest
114500,124490.925,Random Forest
144000,149538.23,Random Forest
115000,114729.88,Random Forest
85500,101250.14,Random Forest
268000,221895.365,Random Forest
120500,119531.595,Random Forest
140000,127012.21,Random Forest
157000,124748.935,Random Forest
213000,205724.42,Random Forest
139900,158377.875,Random Forest
115000,132259.245,Random Forest
131000,111199.35,Random Forest
168000,172349.875,Random Forest
164900,172476.495,Random Forest
185900,207787.07,Random Forest
423000,388163.04,Random Forest
466500,434134.15,Random Forest
87000,98965.165,Random Forest
106500,96525.735,Random Forest
125000,123803.175,Random Forest
381000,254430.82,Random Forest
244400,170942.66,Random Forest
149700,129817.985,Random Forest
89471,155743.325,Random Forest
72500,104411.82,Random Forest
145900,134441.375,Random Forest
290000,259333.995,Random Forest
141500,112580.17,Random Forest
130000,104541.92,Random Forest
207500,198319.94,Random Forest
85000,96974.94,Random Forest
159000,159117.0,Random Forest
239000,195935.115,Random Forest
144000,147731.895,Random Forest
475000,230135.89,Random Forest
107500,108803.21,Random Forest
350000,319458.015,Random Forest
121500,187591.5,Random Forest
115000,111490.29,Random Forest
150500,157266.025,Random Forest
142500,135950.5,Random Forest
113000,134032.69,Random Forest
98000,102506.49,Random Forest
88000,93147.66,Random Forest
130500,180716.175,Random Forest
193000,236846.78,Random Forest
91000,122399.1,Random Forest
121000,80991.42,Random Forest
145250,163456.785,Random Forest
219500,211216.465,Random Forest
62383,113520.035,Random Forest
125000,180871.78,Random Forest
451950,430796.96,Random Forest
372402,370966.95,Random Forest
100000,99719.5,Random Forest
158000,210920.53,Random Forest
175000,173920.5,Random Forest
175900,236790.675,Random Forest
207500,235391.84,Random Forest
115000,113147.46,Random Forest
215000,213213.94,Random Forest
258000,245431.775,Random Forest
134450,172774.875,Random Forest
190000,224766.165,Random Forest
157900,143278.05,Random Forest
176000,165548.41,Random Forest
143000,150085.22,Random Forest
255500,297165.875,Random Forest
195400,256170.885,Random Forest
147000,162626.935,Random Forest
430000,302752.155,Random Forest
148000,140465.455,Random Forest
188000,171016.115,Random Forest
168500,202823.0,Random Forest
148000,144827.945,Random Forest
213000,229670.845,Random Forest
184750,436661.94,Random Forest
415298,415479.52,Random Forest
126175,122202.82,Random Forest
281213,259895.36,Random Forest
138887,123629.09,Random Forest
163000,92623.44,Random Forest
135000,130239.695,Random Forest
218000,209888.12,Random Forest
189950,135445.05,Random Forest
131500,183524.765,Random Forest
216000,217848.15,Random Forest
123000,122627.51,Random Forest
145000,183949.775,Random Forest
233230,257138.62,Random Forest
378500,261571.08,Random Forest
142000,137514.23,Random Forest
87000,95866.72,Random Forest
135000,200705.24,Random Forest
611657,463571.92,Random Forest
103000,99951.91,Random Forest
325624,350257.62,Random Forest
169500,173419.92,Random Forest
179000,168725.775,Random Forest
210000,204668.36,Random Forest
424870,425626.335,Random Forest
160000,148346.845,Random Forest
315000,254962.205,Random Forest
193500,193098.5,Random Forest
244000,214831.82,Random Forest
265979,160535.69,Random Forest
108959,134615.43,Random Forest
274000,261295.855,Random Forest
206000,226228.44,Random Forest
100000,106511.025,Random Forest
216500,220424.745,Random Forest
99500,131278.85,Random Forest
108000,134117.425,Random Forest
174000,209888.645,Random Forest
182900,196499.3,Random Forest
159434,118841.98,Random Forest
201000,208302.49,Random Forest
239000,172473.195,Random Forest
82500,202032.27,Random Forest
148000,202604.12,Random Forest
140000,151561.5,Random Forest
148000,133197.96,Random Forest
142000,192684.72,Random Forest
107400,110710.9,Random Forest
161000,109453.345,Random Forest
118000,133423.085,Random Forest
235000,197621.4,Random Forest
169990,234465.88,Random Forest
185000,202469.525,Random Forest
192000,218429.795,Random Forest
205950,203097.15,Random Forest
305900,260981.035,Random Forest
174000,224868.085,Random Forest
174000,160251.75,Random Forest
144500,199939.615,Random Forest
140000,215143.42,Random Forest
175900,186069.805,Random Forest
162900,99720.305,Random Forest
287090,252021.775,Random Forest
116900,99620.82,Random Forest
175000,191547.22,Random Forest
255900,217426.905,Random Forest
109500,124188.75,Random Forest
337500,328544.165,Random Forest
374000,337686.97,Random Forest
197000,193334.72977878418,Ridge
158000,187800.53026947455,Ridge
175000,216393.842870734,Ridge
285000,281036.67193658766,Ridge
89000,47806.19432045636,Ridge
85000,88022.61460549824,Ridge
192140,175486.3941167874,Ridge
128200,123142.19614273112,Ridge
167900,206907.68476913648,Ridge
215000,249511.4341795431,Ridge
162000,149830.95640758803,Ridge
172000,173315.63913533796,Ridge
215000,203895.83079794332,Ridge
341000,296506.9727331129,Ridge
122900,85893.96122758568,Ridge
186500,176472.8106752035,Ridge
119200,103806.47853985746,Ridge
395000,306333.6092482406,Ridge
122000,102633.37277035677,Ridge
114500,76681.9897503924,Ridge
97000,82901.48600043278,Ridge
105000,75573.70864076924,Ridge
175500,195557.91663641363,Ridge
284000,284183.00137109926,Ridge
80000,115826.51754979181,Ridge
157000,150877.06478089665,Ridge
124000,133345.5055800009,Ridge
125000,97817.76914071647,Ridge
120500,118015.14252857011,Ridge
134000,130471.03293058043,Ridge
90000,128033.09654462466,Ridge
131500,140270.33105371665,Ridge
124000,120593.99567944334,Ridge
84500,94440.81748401112,Ridge
80000,112646.40878634083,Ridge
224000,295915.17833432555,Ridge
201000,205601.2392077008,Ridge
179400,119110.37059447411,Ridge
185750,177968.36488294968,Ridge
139000,111053.47393018332,Ridge
164500,175945.22754172923,Ridge
153500,136631.9548940985,Ridge
225000,221088.58822640733,Ridge
173733,195424.2134265302,Ridge
325300,311725.7200614668,Ridge
124000,122208.13843196974,Ridge
625000,387916.71767176525,Ridge
128000,136330.37169264042,Ridge
85400,142811.0101988492,Ridge
98000,110388.12434585893,Ridge
122000,143713.59030095517,Ridge
335000,310396.8962861496,Ridge
194500,222753.61357042327,Ridge
60000,-968.9828107802314,Ridge
178000,166508.09701366056,Ridge
136500,164634.94736578135,Ridge
116050,125639.15247688106,Ridge
231500,207107.36938774184,Ridge
202500,271036.15037344967,Ridge
251000,273767.63559159474,Ridge
180000,163935.16544784396,Ridge
102000,108252.70391502837,Ridge
277000,267319.1306137215,Ridge
440000,401867.336193376,Ridge
240000,288778.2738330432,Ridge
124500,99709.26944214743,Ridge
118000,123090.2067549437,Ridge
139000,166939.95060356826,Ridge
133000,196261.5222338738,Ridge
144000,124191.73719119086,Ridge
127000,136684.57692803454,Ridge
130000,107416.54493349453,Ridge
189000,149502.59173287114,Ridge
125000,114765.30909398719,Ridge
135900,117379.98322732316,Ridge
135000,105226.63720063795,Ridge
140000,99366.11452357568,Ridge
212000,201405.80071932983,Ridge
160000,166628.67502921863,Ridge
180000,262335.16485382296,Ridge
122000,88335.67374485513,Ridge
140000,135160.37666597904,Ridge
278000,322180.8200154829,Ridge
262500,211250.03216857757,Ridge
165500,165162.15011560402,Ridge
198500,272763.46126311226,Ridge
156932,196188.86562411228,Ridge
130000,145801.76102545037,Ridge
140200,89576.27509480527,Ridge
315750,274870.0704420929,Ridge
177500,187119.77943192216,Ridge
193000,183714.6106410737,Ridge
181500,183451.38212365413,Ridge
235000,219917.32622095395,Ridge
226000,175084.7674713086,Ridge
178000,192304.85028581074,Ridge
149000,192473.28982128014,Ridge
145000,176897.48835751513,Ridge
295493,288390.2358923694,Ridge
220000,254303.5753660704,Ridge
190000,178514.33336378838,Ridge
272000,254731.75714961573,Ridge
180000,232044.0181355562,Ridge
174000,138675.92887092286,Ridge
232000,229561.6965357198,Ridge
184000,119143.281785487,Ridge
107500,146784.5854078026,Ridge
127000,120032.24200319297,Ridge
134500,111383.43536084257,Ridge
128500,120854.15658678429,Ridge
336000,297894.3336406398,Ridge
224900,210904.98273966668,Ridge
159500,164604.7346266628,Ridge
144152,117353.11585732279,Ridge
191000,201428.57590433236,Ridge
161500,140603.3331320911,Ridge
147400,100207.3337415416,Ridge
118400,85966.91344082009,Ridge
185500,211049.4426236878,Ridge
236500,229080.84273980214,Ridge
138000,131744.71014243248,Ridge
137000,135866.70491434057,Ridge
132500,164900.1967296047,Ridge
176485,223007.29022846118,Ridge
254000,250453.2852165979,Ridge
119000,194386.5294977713,Ridge
165600,167714.92213075937,Ridge
116500,137816.44840469057,Ridge
239900,206069.7406344063,Ridge
123000,126831.20697957414,Ridge
100000,123656.55174862273,Ridge
173000,182296.4881355852,Ridge
82000,110546.26091647925,Ridge
139000,141068.55514878035,Ridge
110000,102944.74737665527,Ridge
210000,218565.540647196,Ridge
176500,166709.6959522785,Ridge
170000,175496.99370801233,Ridge
168500,153311.22892578514,Ridge
217000,231074.2802056939,Ridge
215000,245302.88646513614,Ridge
163990,205904.27117450073,Ridge
410000,363179.58591532346,Ridge
219500,228345.82196464823,Ridge
127000,75690.14985448816,Ridge
179665,249493.6316427937,Ridge
83000,88745.57543928687,Ridge
114500,117905.69352200083,Ridge
144000,144402.54703791425,Ridge
115000,114483.14374548463,Ridge
85500,77369.1876799388,Ridge
268000,227263.28379246837,Ridge
120500,94333.51006659158,Ridge
140000,106242.58390129397,Ridge
157000,124234.51686337838,Ridge
213000,196211.24181774983,Ridge
139900,129658.28236752385,Ridge
115000,116396.52982485831,Ridge
131000,94488.51036644797,Ridge
168000,138297.54161949668,Ridge
164900,188616.76412578937,Ridge
185900,179342.64831213185,Ridge
423000,343105.7200736277,Ridge
466500,381940.3052077902,Ridge
87000,157457.98014650203,Ridge
106500,71915.80840444897,Ridge
125000,101287.34505018621,Ridge
381000,278245.54240534664,Ridge
244400,169130.70473072276,Ridge
149700,130361.429387004,Ridge
89471,191914.35190510476,Ridge
72500,64929.451176462826,Ridge
145900,166357.9711603455,Ridge
290000,258717.62503250653,Ridge
141500,68576.80629971474,Ridge
130000,122359.37529478443,Ridge
207500,240633.83854480617,Ridge
85000,159182.7881330889,Ridge
159000,139050.02499818715,Ridge
239000,245356.0262465534,Ridge
144000,152816.99631957395,Ridge
475000,172718.82564945475,Ridge
107500,95515.08184226848,Ridge
350000,319428.39962536003,Ridge
121500,154633.50633777605,Ridge
115000,97538.03422092317,Ridge
150500,112908.63692995772,Ridge
142500,154944.33166044438,Ridge
113000,153670.64813278744,Ridge
98000,103602.7340170995,Ridge
88000,60551.5380617761,Ridge
130500,194275.27658444404,Ridge
193000,227551.19123599716,Ridge
91000,133880.47777078842,Ridge
121000,60617.397608260406,Ridge
145250,137935.94383815667,Ridge
219500,182160.1473895335,Ridge
62383,81461.90329824609,Ridge
125000,177006.1722523452,Ridge
451950,322107.6635237525,Ridge
372402,353571.0320801255,Ridge
100000,94922.06872853583,Ridge
158000,204276.47013252196,Ridge
175000,171191.2908998622,Ridge
175900,247452.8488587038,Ridge
207500,194863.2807664425,Ridge
115000,47517.09682597773,Ridge
215000,215479.19604984642,Ridge
258000,251702.98742542288,Ridge
134450,145824.8624606186,Ridge
190000,367652.37069198384,Ridge
157900,151077.2645362239,Ridge
176000,168077.50695237765,Ridge
143000,148111.1217458293,Ridge
255500,263532.7664863688,Ridge
195400,254096.83557020186,Ridge
147000,140893.61906987397,Ridge
430000,334809.3119668477,Ridge
148000,148359.7119038925,Ridge
188000,238465.76898918982,Ridge
168500,202348.45666104427,Ridge
148000,140638.20667523955,Ridge
213000,225393.97476949633,Ridge
184750,476165.1907480778,Ridge
415298,385195.7100205792,Ridge
126175,121724.48616767567,Ridge
281213,296480.77753193997,Ridge
138887,102968.01381319192,Ridge
163000,99770.59192570466,Ridge
135000,107296.60085528255,Ridge
218000,226293.6515833597,Ridge
189950,115903.50691063536,Ridge
131500,187661.41903452054,Ridge
216000,162509.44078649394,Ridge
123000,110367.68978580923,Ridge
145000,171156.8695423463,Ridge
233230,231255.026946271,Ridge
378500,348892.2466485023,Ridge
142000,134892.8741511561,Ridge
87000,85980.25190530854,Ridge
135000,206137.95855831113,Ridge
611657,431532.41018670634,Ridge
103000,72334.66427780007,Ridge
325624,331976.16130280175,Ridge
169500,152262.64220582257,Ridge
179000,274063.22107027215,Ridge
210000,244170.02669140528,Ridge
424870,369862.2077952537,Ridge
160000,182078.61860296316,Ridge
315000,259004.0497943391,Ridge
193500,165983.2146149809,Ridge
244000,247934.98661045876,Ridge
265979,178169.5348932263,Ridge
108959,245438.57287405428,Ridge
274000,309450.53616968764,Ridge
206000,218236.66307938425,Ridge
100000,77022.04103114414,Ridge
216500,215491.66033437842,Ridge
99500,143537.1135293013,Ridge
108000,111548.39937543955,Ridge
174000,190886.53629965597,Ridge
182900,214221.26113717275,Ridge
159434,157681.46338933875,Ridge
201000,208079.0934564904,Ridge
239000,200191.87910757246,Ridge
82500,250482.75061868242,Ridge
148000,181936.97348285653,Ridge
140000,127748.21580319502,Ridge
148000,111146.17750430059,Ridge
142000,218175.3839930395,Ridge
107400,105953.33778027905,Ridge
161000,111469.73907789768,Ridge
118000,156644.96011130014,Ridge
235000,188154.63636960785,Ridge
169990,233214.69152942256,Ridge
185000,193073.0065286376,Ridge
192000,213545.781466744,Ridge
205950,145061.96398422646,Ridge
305900,269568.0790514853,Ridge
174000,172711.20953774307,Ridge
174000,129715.89642180144,Ridge
144500,232779.17219570492,Ridge
140000,170293.73626264153,Ridge
175900,157162.38966230972,Ridge
162900,95538.13273868176,Ridge
287090,270586.31185392966,Ridge
116900,86994.29429587776,Ridge
175000,204198.3876176374,Ridge
255900,190320.92469519685,Ridge
109500,127010.40198081557,Ridge
337500,346219.2320149786,Ridge
374000,366623.21092155215,Ridge
197000,193217.98668359788,Lasso
158000,187845.361001803,Lasso
175000,215955.1014217503,Lasso
285000,281237.01681779866,Lasso
89000,48095.704515281395,Lasso
85000,88048.12239728337,Lasso
192140,175156.9227408147,Lasso
128200,123463.24171953712,Lasso
167900,206662.0673744421,Lasso
215000,249869.8236486217,Lasso
162000,149791.8068363531,Lasso
172000,173211.4581981535,Lasso
215000,203839.49505362593,Lasso
341000,296619.924755698,Lasso
122900,86068.05823448478,Lasso
186500,176611.62659294382,Lasso
119200,104037.3646851908,Lasso
395000,306768.22849970893,Lasso
122000,102578.74966719576,Lasso
114500,76748.25017069977,Lasso
97000,82735.82403779289,Lasso
105000,75833.91330129215,Lasso
175500,195598.88714337003,Lasso
284000,284250.59602536797,Lasso
80000,115681.39020679143,Lasso
157000,151265.05833363265,Lasso
124000,133417.27658362215,Lasso
125000,97859.59158755581,Lasso
120500,118034.35871419444,Lasso
134000,130770.30334779335,Lasso
90000,128373.331534487,Lasso
131500,140901.84327448002,Lasso
124000,120466.02022268946,Lasso
84500,94338.80380594841,Lasso
80000,112555.9192369392,Lasso
224000,295894.36673155375,Lasso
201000,205735.3698582646,Lasso
179400,119180.48346745531,Lasso
185750,178160.449409516,Lasso
139000,110692.7424926837,Lasso
164500,176344.21184610692,Lasso
153500,136860.06874608074,Lasso
225000,221117.2434169223,Lasso
173733,195669.3486198291,Lasso
325300,311544.43757387117,Lasso
124000,122111.67586101341,Lasso
625000,387989.94342919404,Lasso
128000,136387.2413244266,Lasso
85400,142252.22555294412,Lasso
98000,109970.70537529633,Lasso
122000,143140.20165712928,Lasso
335000,309575.1537573174,Lasso
194500,222958.51116401976,Lasso
60000,-1322.2010628507123,Lasso
178000,166724.39562554096,Lasso
136500,164329.3569468757,Lasso
116050,125651.14809589455,Lasso
231500,207304.9638299075,Lasso
202500,270909.27510686923,Lasso
251000,273308.8017547709,Lasso
180000,163853.14699258964,Lasso
102000,108004.90949432635,Lasso
277000,266734.97554156126,Lasso
440000,401257.73654013115,Lasso
240000,288339.6132325389,Lasso
124500,99732.40788536472,Lasso
118000,122898.1175568089,Lasso
139000,167094.78088863762,Lasso
133000,195810.93377648253,Lasso
144000,124285.3580948587,Lasso
127000,136415.16049761017,Lasso
130000,107655.9020679547,Lasso
189000,149752.36183006043,Lasso
125000,114724.59382233322,Lasso
135900,117584.016029781,Lasso
135000,104993.83155378872,Lasso
140000,99812.04852389035,Lasso
212000,201543.59922977633,Lasso
160000,166700.97870838962,Lasso
180000,261518.7286998942,Lasso
122000,88684.14088327838,Lasso
140000,134985.98097507464,Lasso
278000,321268.7283115995,Lasso
262500,211790.92446400222,Lasso
165500,165648.46307969413,Lasso
198500,271778.2698144279,Lasso
156932,195890.71735570818,Lasso
130000,145883.8959995755,Lasso
140200,89475.90127618825,Lasso
315750,275110.91237279866,Lasso
177500,187200.2850883151,Lasso
193000,183555.38317889773,Lasso
181500,183549.14254264245,Lasso
235000,219930.92969324905,Lasso
226000,175208.61036031166,Lasso
178000,192062.08751511955,Lasso
149000,192681.2986578877,Lasso
145000,176901.67340564824,Lasso
295493,288190.1086588852,Lasso
220000,254620.27626349218,Lasso
190000,178638.34037241648,Lasso
272000,254930.6717175329,Lasso
180000,231607.08716117695,Lasso
174000,138824.88808102655,Lasso
232000,229648.00019608007,Lasso
184000,118971.84153501893,Lasso
107500,146720.0101103989,Lasso
127000,120008.13676976648,Lasso
134500,111531.68675318552,Lasso
128500,120993.10565401852,Lasso
336000,298160.2771643216,Lasso
224900,210901.3166018306,Lasso
159500,164925.1001736415,Lasso
144152,117762.54863496384,Lasso
191000,201598.8926232933,Lasso
161500,140499.15593258973,Lasso
147400,100478.99865153478,Lasso
118400,86088.38749498507,Lasso
185500,211267.2481777917,Lasso
236500,229592.9050612947,Lasso
138000,131664.75435371423,Lasso
137000,135965.78494634974,Lasso
132500,164934.40820189915,Lasso
176485,222784.20289323461,Lasso
254000,250526.39171114156,Lasso
119000,194247.14188552552,Lasso
165600,167692.58155017745,Lasso
116500,137527.65926588152,Lasso
239900,205786.2692322589,Lasso
123000,126769.7699969667,Lasso
100000,123592.60495807027,Lasso
173000,182451.01854215507,Lasso
82000,110275.63005847206,Lasso
139000,140745.8199906377,Lasso
110000,102880.64091193842,Lasso
210000,218909.29349465674,Lasso
176500,166914.46453080856,Lasso
170000,175372.63161457906,Lasso
168500,153611.54966870477,Lasso
217000,231114.89068473966,Lasso
215000,245080.08157830316,Lasso
163990,205838.0222358252,Lasso
410000,363002.8647635977,Lasso
219500,228601.9860417544,Lasso
127000,75804.85511202518,Lasso
179665,248982.48718817596,Lasso
83000,88804.51414735206,Lasso
114500,117717.12795725006,Lasso
144000,144620.03792309389,Lasso
115000,114460.86722902312,Lasso
85500,77179.85549882709,Lasso
268000,227378.18449958827,Lasso
120500,94483.0338150177,Lasso
140000,106376.33397017689,Lasso
157000,124326.30324228926,Lasso
213000,196668.07895637891,Lasso
139900,129832.99762659096,Lasso
115000,116681.69098451984,Lasso
131000,94338.56076594253,Lasso
168000,138316.99402475334,Lasso
164900,188601.86353068537,Lasso
185900,179412.35564552806,Lasso
423000,343111.71901956917,Lasso
466500,382169.5834550789,Lasso
87000,156822.87422432227,Lasso
106500,72045.08766495626,Lasso
125000,101295.67977860154,Lasso
381000,277895.5389344334,Lasso
244400,168966.77349474144,Lasso
149700,130587.9755323563,Lasso
89471,190759.2876693845,Lasso
72500,65071.04190614261,Lasso
145900,166195.51561592196,Lasso
290000,258759.15937695905,Lasso
141500,68736.63863695186,Lasso
130000,122222.48652969097,Lasso
207500,240312.2567748152,Lasso
85000,158371.32631444937,Lasso
159000,139438.44733870187,Lasso
239000,244809.9857873592,Lasso
144000,152973.1442446255,Lasso
475000,173340.53956835796,Lasso
107500,95328.14513423813,Lasso
350000,319739.0610576946,Lasso
121500,154662.2877332116,Lasso
115000,97532.40878301013,Lasso
150500,113365.85915251673,Lasso
142500,154799.01512441368,Lasso
113000,153705.48210224905,Lasso
98000,103561.48977004607,Lasso
88000,60725.172702966156,Lasso
130500,193976.5841378613,Lasso
193000,227555.1504250833,Lasso
91000,133444.369202022,Lasso
121000,60511.53904509972,Lasso
145250,138223.39753903486,Lasso
219500,182229.04589223242,Lasso
62383,81473.82599458224,Lasso
125000,177264.5807166367,Lasso
451950,323113.36906467634,Lasso
372402,353572.0908816378,Lasso
100000,94722.89553392101,Lasso
158000,203983.98330042206,Lasso
175000,171145.46650939286,Lasso
175900,247519.1734227223,Lasso
207500,194975.92658730593,Lasso
115000,48210.05710923407,Lasso
215000,215521.0732323923,Lasso
258000,252283.83995633974,Lasso
134450,145893.78761603215,Lasso
190000,367461.18843011104,Lasso
157900,150985.9579948808,Lasso
176000,168452.35461117735,Lasso
143000,148095.65173462985,Lasso
255500,263750.8749369344,Lasso
195400,253992.37401033164,Lasso
147000,141136.32395175053,Lasso
430000,335053.85837666725,Lasso
148000,148399.66196273864,Lasso
188000,237888.84092250146,Lasso
168500,202114.98249670112,Lasso
148000,140777.6643833592,Lasso
213000,225508.66256953444,Lasso
184750,476512.8841079389,Lasso
415298,385083.6660587552,Lasso
126175,121782.84074572093,Lasso
281213,295902.73389187944,Lasso
138887,103192.37129975522,Lasso
163000,100602.0974186692,Lasso
135000,107196.38020875936,Lasso
218000,226005.23141222805,Lasso
189950,115767.2496972048,Lasso
131500,187844.40397036125,Lasso
216000,162761.36733224386,Lasso
123000,110414.3224836273,Lasso
145000,171527.3479953278,Lasso
233230,231430.42704866294,Lasso
378500,348324.72707219387,Lasso
142000,135306.3607828665,Lasso
87000,86058.08691321204,Lasso
135000,206056.12186544342,Lasso
611657,431468.7034370559,Lasso
103000,72365.15284691499,Lasso
325624,331900.06087822985,Lasso
169500,152227.56776993017,Lasso
179000,273124.40060270834,Lasso
210000,244005.98372435928,Lasso
424870,369675.0049153379,Lasso
160000,181614.1141098334,Lasso
315000,259318.76915427286,Lasso
193500,166181.98655189353,Lasso
244000,248086.62813272505,Lasso
265979,178197.42593288468,Lasso
108959,245558.9911732534,Lasso
274000,309451.98295531236,Lasso
206000,218470.94270303537,Lasso
100000,76896.60955378738,Lasso
216500,215298.21729588334,Lasso
99500,143567.07120260008,Lasso
108000,111877.73109141625,Lasso
174000,190703.71641087256,Lasso
182900,213979.3204572735,Lasso
159434,156988.9641048952,Lasso
201000,207970.14640892117,Lasso
239000,199909.98461314006,Lasso
82500,250037.24086380977,Lasso
148000,182202.48483613247,Lasso
140000,128202.58492451673,Lasso
148000,111452.99290027375,Lasso
142000,218093.69967264155,Lasso
107400,105454.60847203434,Lasso
161000,111265.92961147003,Lasso
118000,156592.77784516534,Lasso
235000,188488.55531578517,Lasso
169990,232853.28232955709,Lasso
185000,193010.10092739388,Lasso
192000,213686.55281600248,Lasso
205950,145535.23857799292,Lasso
305900,270028.3031949436,Lasso
174000,172750.0670959918,Lasso
174000,129850.71085913538,Lasso
144500,232726.06845697132,Lasso
140000,170514.53934778814,Lasso
175900,157179.58703302155,Lasso
162900,95386.79874922588,Lasso
287090,270745.252834826,Lasso
116900,86918.6892592339,Lasso
175000,204027.60095992274,Lasso
255900,190839.11614325884,Lasso
109500,126892.95047760228,Lasso
337500,346508.5194161078,Lasso
374000,366160.43086146604,Lasso
